Workbook

Sheet Raw_Data
A1: A. General Information | L1: B. Device Usage | W1: C. Safety | AG1: D. Clinical Performance | AN1: E. Overall Clinial Assessment
A2: Response_ID | B2: Surgeon_Name | C2: Country | D2: Hospital | E2: Surgeon_Experience_Years | F2: Patient_ID | G2: Birth_Year | H2: Gender | I2: Surgery_Date | J2: Followup_Date | K2: Followup_Period | L2: Procedure_Type | M2: Procedure_Other | N2: Surgical_Approach | O2: Clip_M_Qty | P2: Clip_M_Lot | Q2: Clip_ML_Qty | R2: Clip_ML_Lot | S2: Clip_L_Qty | T2: Clip_L_Lot | U2: Clip_XL_Qty | V2: Clip_XL_Lot | W2: SAE | X2: SAE_Desc | Y2: Hemorrhage | Z2: Hemorrhage_DeviceRelated | AA2: Hemorrhage_Intervention | AB2: Infection | AC2: Infection_DeviceRelated | AD2: Migration | AE2: Migration_Detection | AF2: Migration_Outcome | AG2: Ligation_Result | AH2: Ligation_Failure_Desc | AI2: Misfiring | AJ2: Slippage | AK2: Slippage_Timing | AL2: Performance_Rating | AM2: Comparison_to_Hemolok | AN2: Intended_Purpose | AO2: Benefit_Risk | AP2: Completion_Date
A3: DEMO-001 | B3: Dr. Minseo Kim | C3: South Korea | D3: Seoul Central Hospital | E3: 10 | F3: PT-1001 | G3: 1955 | H3: M | I3: 45170 | J3: 45246 | K3: <6m | L3: Appendectomy | N3: Laparoscopic | Q3: 2 | R3: AAA-ML-2309B-01 | W3: 0 | Y3: 0 | AB3: 0 | AD3: 0 | AG3: Yes – complete ligation | AI3: 0 | AJ3: 0 | AL3: 5 | AM3: Equivalent | AN3: 4 | AO3: Benefits outweigh risks | AP3: 45256
A4: DEMO-002 | B4: Dr. Lukas Weber | C4: Germany | D4: St. Marien Klinikum | E4: 13 | F4: PT-1002 | G4: 1959 | H4: M | I4: 45176 | J4: 46474 | K4: >3y | L4: Prostatectomy | N4: Robotic-assisted | Q4: 5 | R4: AAA-ML-2309C-02 | S4: 5 | T4: AAA-L-2309C-02 | U4: 1 | V4: AAA-XL-2309C-02 | W4: 0 | Y4: 0 | AB4: 0 | AD4: 0 | AG4: Yes – complete ligation | AI4: 0 | AJ4: 0 | AL4: 5 | AM4: Equivalent | AN4: 5 | AO4: Benefits greatly outweigh risks | AP4: 46479
A5: DEMO-003 | B5: Dr. Elena García | C5: Spain | D5: Hospital Universitario Madrid Norte | E5: 10 | F5: PT-1003 | G5: 1960 | H5: M | I5: 44768 | J5: 45033 | K5: 6-12m | L5: Cholecystectomy | N5: Robotic-assisted | Q5: 6 | R5: AAA-ML-2207D-03 | S5: 1 | T5: AAA-L-2207D-03 | W5: 0 | Y5: 0 | AB5: 1 | AC5: 0 | AD5: 0 | AG5: Yes – complete ligation | AI5: 0 | AJ5: 0 | AL5: 4 | AM5: Equivalent | AN5: 5 | AO5: Benefits greatly outweigh risks | AP5: 45034
A6: DEMO-004 | B6: Dr. Marco Rossi | C6: Italy | D6: Milano Surgical Center | E6: 16 | F6: PT-1004 | G6: 1968 | H6: F | I6: 44753 | J6: 44986 | K6: 6-12m | L6: Appendectomy | N6: Open | O6: 2 | P6: AAA-M-2207E-04 | Q6: 3 | R6: AAA-ML-2207E-04 | W6: 0 | Y6: 0 | AB6: 0 | AD6: 0 | AG6: Yes – complete ligation | AI6: 0 | AJ6: 0 | AL6: 4 | AM6: Equivalent | AN6: 5 | AO6: Balanced | AP6: 44988
A7: DEMO-005 | B7: Dr. Sophie Martin | C7: France | D7: Centre Hospitalier de Lyon | E7: 10 | F7: PT-1005 | G7: 1991 | H7: M | I7: 45042 | J7: 46388 | K7: >3y | L7: Appendectomy | N7: Open | O7: 1 | P7: AAA-M-2304F-05 | Q7: 4 | R7: AAA-ML-2304F-05 | W7: 1 | X7: Postoperative hemorrhage requiring return to OR within 6 hours; patient stabilized after re-clipping. | Y7: 1 | Z7: 1 | AA7: Laparoscopic re-clipping and transfusion. | AB7: 0 | AD7: 0 | AG7: Partial – re-application needed | AH7: Initial clip on cystic artery showed minor slippage; second application achieved hemostasis. | AI7: 0 | AJ7: 1 | AK7: Immediately post-application | AL7: 3 | AM7: A little Inferior | AN7: 3 | AO7: Benefits outweigh risks | AP7: 46390
A8: DEMO-006 | B8: Dr. James Patel | C8: United Kingdom | D8: Midlands General Hospital | E8: 16 | F8: PT-1006 | G8: 1954 | H8: F | I8: 44934 | J8: 46152 | K8: >3y | L8: Cholecystectomy | N8: Laparoscopic | Q8: 8 | R8: AAA-ML-2301A-06 | S8: 3 | T8: AAA-L-2301A-06 | W8: 0 | Y8: 0 | AB8: 0 | AD8: 0 | AG8: Yes – complete ligation | AI8: 0 | AJ8: 0 | AL8: 5 | AM8: Equivalent | AN8: 5 | AO8: Benefits outweigh risks | AP8: 46161
A9: DEMO-007 | B9: Dr. Ana Souza | C9: Brazil | D9: São Paulo Digestive Institute | E9: 9 | F9: PT-1007 | G9: 1977 | H9: F | I9: 44613 | J9: 44870 | K9: 6-12m | L9: Cholecystectomy | N9: Laparoscopic | Q9: 6 | R9: AAA-ML-2202B-07 | S9: 2 | T9: AAA-L-2202B-07 | W9: 0 | Y9: 0 | AB9: 0 | AD9: 0 | AG9: Yes – complete ligation | AI9: 1 | AJ9: 0 | AL9: 4 | AM9: A little Better | AN9: 4 | AO9: Benefits greatly outweigh risks | AP9: 44878
A10: DEMO-008 | B10: Dr. David Chen | C10: Singapore | D10: Singapore Advanced Surgery Centre | E10: 14 | F10: PT-1008 | G10: 1988 | H10: F | I10: 45350 | J10: 45618 | K10: 6-12m | L10: Cholecystectomy | N10: Laparoscopic | Q10: 4 | R10: AAA-ML-2402C-08 | S10: 4 | T10: AAA-L-2402C-08 | W10: 0 | Y10: 0 | AB10: 0 | AD10: 0 | AG10: Yes – complete ligation | AI10: 0 | AJ10: 0 | AL10: 5 | AM10: Equivalent | AN10: 4 | AO10: Benefits greatly outweigh risks | AP10: 45627
A11: DEMO-009 | B11: Dr. Noor Al Mansoori | C11: United Arab Emirates | D11: Abu Dhabi Specialty Hospital | E11: 11 | F11: PT-1009 | G11: 1975 | H11: M | I11: 45018 | J11: 45846 | K11: 1-3y | L11: Prostatectomy | N11: Laparoscopic | Q11: 7 | R11: AAA-ML-2304D-09 | S11: 7 | T11: AAA-L-2304D-09 | W11: 0 | Y11: 0 | AB11: 1 | AC11: 0 | AD11: 0 | AG11: Yes – complete ligation | AI11: 0 | AJ11: 0 | AL11: 4 | AM11: Equivalent | AN11: 4 | AO11: Benefits greatly outweigh risks | AP11: 45853
A12: DEMO-010 | B12: Dr. Camila Torres | C12: Mexico | D12: Monterrey Medical Center | E12: 10 | F12: PT-1010 | G12: 1990 | H12: M | I12: 44671 | J12: 44945 | K12: 6-12m | L12: Cholecystectomy | N12: Laparoscopic | Q12: 5 | R12: AAA-ML-2204E-10 | S12: 2 | T12: AAA-L-2204E-10 | W12: 0 | Y12: 0 | AB12: 0 | AD12: 0 | AG12: Yes – complete ligation | AI12: 0 | AJ12: 0 | AL12: 4 | AM12: Equivalent | AN12: 5 | AO12: Benefits greatly outweigh risks | AP12: 44949
A13: DEMO-011 | B13: Dr. Minseo Kim | C13: South Korea | D13: Seoul Central Hospital | E13: 13 | F13: PT-1011 | G13: 1962 | H13: M | I13: 45563 | J13: 46698 | K13: >3y | L13: Prostatectomy | N13: Robotic-assisted | Q13: 3 | R13: AAA-ML-2409F-11 | S13: 5 | T13: AAA-L-2409F-11 | U13: 2 | V13: AAA-XL-2409F-11 | W13: 0 | Y13: 1 | Z13: 0 | AA13: Observation and hemostatic support only; no return to OR. | AB13: 0 | AD13: 0 | AG13: Yes – complete ligation | AI13: 0 | AJ13: 0 | AL13: 5 | AM13: A little Better | AN13: 3 | AO13: Benefits outweigh risks | AP13: 46703
A14: DEMO-012 | B14: Dr. Lukas Weber | C14: Germany | D14: St. Marien Klinikum | E14: 16 | F14: PT-1012 | G14: 1970 | H14: F | I14: 44637 | J14: 45799 | K14: >3y | L14: Appendectomy | N14: Laparoscopic | O14: 2 | P14: AAA-M-2203A-12 | Q14: 2 | R14: AAA-ML-2203A-12 | W14: 0 | Y14: 0 | AB14: 0 | AD14: 1 | AE14: Radiologically | AF14: Incidental asymptomatic clip migration on routine imaging; no intervention required. | AG14: Yes – complete ligation | AI14: 0 | AJ14: 1 | AK14: Postoperatively | AL14: 3 | AM14: Equivalent | AN14: 4 | AO14: Balanced | AP14: 45806
A15: DEMO-013 | B15: Dr. Elena García | C15: Spain | D15: Hospital Universitario Madrid Norte | E15: 11 | F15: PT-1013 | G15: 1957 | H15: M | I15: 45603 | J15: 45667 | K15: <6m | L15: Hysterectomy | N15: Open | Q15: 3 | R15: AAA-ML-2411B-13 | S15: 8 | T15: AAA-L-2411B-13 | U15: 1 | V15: AAA-XL-2411B-13 | W15: 0 | Y15: 0 | AB15: 0 | AD15: 0 | AG15: Yes – complete ligation | AI15: 0 | AJ15: 0 | AL15: 4 | AM15: A little Inferior | AN15: 4 | AO15: Benefits greatly outweigh risks | AP15: 45676
A16: DEMO-014 | B16: Dr. Marco Rossi | C16: Italy | D16: Milano Surgical Center | E16: 20 | F16: PT-1014 | G16: 1959 | H16: M | I16: 44747 | J16: 44868 | K16: <6m | L16: Prostatectomy | N16: Robotic-assisted | Q16: 4 | R16: AAA-ML-2207C-14 | S16: 8 | T16: AAA-L-2207C-14 | W16: 0 | Y16: 0 | AB16: 0 | AD16: 0 | AG16: Yes – complete ligation | AI16: 0 | AJ16: 0 | AL16: 4 | AM16: Equivalent | AN16: 3 | AO16: Benefits greatly outweigh risks | AP16: 44877
A17: DEMO-015 | B17: Dr. Sophie Martin | C17: France | D17: Centre Hospitalier de Lyon | E17: 7 | F17: PT-1015 | G17: 1958 | H17: M | I17: 45417 | J17: 45478 | K17: <6m | L17: Hysterectomy | N17: Laparoscopic | Q17: 2 | R17: AAA-ML-2405D-15 | S17: 8 | T17: AAA-L-2405D-15 | U17: 3 | V17: AAA-XL-2405D-15 | W17: 0 | Y17: 0 | AB17: 0 | AD17: 0 | AG17: Partial – re-application needed | AH17: One applicator trigger felt stiff; replacement applicator was used without patient harm. | AI17: 1 | AJ17: 0 | AL17: 3 | AM17: A little Inferior | AN17: 3 | AO17: Benefits outweigh risks | AP17: 45478
A18: DEMO-016 | B18: Dr. James Patel | C18: United Kingdom | D18: Midlands General Hospital | E18: 13 | F18: PT-1016 | G18: 1970 | H18: M | I18: 45504 | J18: 45655 | K18: <6m | L18: Cholecystectomy | N18: Laparoscopic | Q18: 6 | R18: AAA-ML-2407E-16 | S18: 1 | T18: AAA-L-2407E-16 | W18: 0 | Y18: 0 | AB18: 0 | AD18: 0 | AG18: Yes – complete ligation | AI18: 0 | AJ18: 0 | AL18: 5 | AM18: Equivalent | AN18: 5 | AO18: Benefits outweigh risks | AP18: 45665
A19: DEMO-017 | B19: Dr. Ana Souza | C19: Brazil | D19: São Paulo Digestive Institute | E19: 8 | F19: PT-1017 | G19: 1975 | H19: F | I19: 45147 | J19: 45256 | K19: <6m | L19: Cholecystectomy | N19: Laparoscopic | Q19: 6 | R19: AAA-ML-2308F-17 | S19: 1 | T19: AAA-L-2308F-17 | W19: 0 | Y19: 0 | AB19: 0 | AD19: 0 | AG19: Yes – complete ligation | AI19: 0 | AJ19: 0 | AL19: 4 | AM19: A little Better | AN19: 4 | AO19: Benefits outweigh risks | AP19: 45257
A20: DEMO-018 | B20: Dr. David Chen | C20: Singapore | D20: Singapore Advanced Surgery Centre | E20: 16 | F20: PT-1018 | G20: 1977 | H20: F | I20: 44761 | J20: 45739 | K20: 1-3y | L20: Prostatectomy | N20: Laparoscopic | Q20: 7 | R20: AAA-ML-2207A-18 | S20: 5 | T20: AAA-L-2207A-18 | W20: 1 | X20: Hemodynamic instability related to postoperative bleeding; source not definitively linked to clip performance. | Y20: 1 | Z20: 9 | AA20: Open revision and cautery; likely multifactorial source. | AB20: 1 | AC20: 9 | AD20: 0 | AG20: No – ligation failed | AH20: Dense inflammatory tissue limited first placement; conversion to alternate hemostatic method. | AI20: 1 | AJ20: 1 | AK20: During application | AL20: 2 | AM20: Very Inferior | AN20: 2 | AO20: Risks outweigh benefits | AP20: 45748
A21: DEMO-019 | B21: Dr. Noor Al Mansoori | C21: United Arab Emirates | D21: Abu Dhabi Specialty Hospital | E21: 13 | F21: PT-1019 | G21: 1980 | H21: F | I21: 45439 | J21: 45668 | K21: 6-12m | L21: Cholecystectomy | N21: Laparoscopic | Q21: 4 | R21: AAA-ML-2405B-19 | S21: 2 | T21: AAA-L-2405B-19 | W21: 0 | Y21: 0 | AB21: 0 | AD21: 0 | AG21: Yes – complete ligation | AI21: 0 | AJ21: 0 | AL21: 3 | AM21: Equivalent | AN21: 3 | AO21: Benefits outweigh risks | AP21: 45670
A22: DEMO-020 | B22: Dr. Camila Torres | C22: Mexico | D22: Monterrey Medical Center | E22: 8 | F22: PT-1020 | G22: 1958 | H22: O | I22: 45570 | J22: 46461 | K22: 1-3y | L22: Cholecystectomy | N22: Open | Q22: 7 | R22: AAA-ML-2410C-20 | S22: 3 | T22: AAA-L-2410C-20 | W22: 0 | Y22: 0 | AB22: 0 | AD22: 1 | AE22: Intraoperatively | AF22: Minor displacement recognized during index procedure and corrected with immediate re-application. | AG22: Partial – re-application needed | AH22: One XL clip rotated during closure; replaced successfully. | AI22: 0 | AJ22: 1 | AK22: During application | AL22: 3 | AM22: A little Inferior | AN22: 3 | AO22: Benefits outweigh risks | AP22: 46464

Sheet Codebook
A1: Field | B1: Value | C1: Meaning
A2: Field | B2: Value | C2: Meaning
A3: Demo note | B3: All rows | C3: Synthetic fictional data for demonstration only
A4: Yes/No | B4: 1 | C4: Yes
A5: Yes/No | B5: 0 | C5: No
A6: Yes/No | B6: 9 | C6: Unknown / Uncertain (used where applicable)
A7: Gender | B7: M | C7: Male
A8: Gender | B8: F | C8: Female
A9: Gender | B9: O | C9: Other
A10: Followup_Period | B10: <6m | C10: Less than 6 months
A11: Followup_Period | B11: 6-12m | C11: 6 months to 1 year
A12: Followup_Period | B12: 1-3y | C12: 1 to 3 years
... A28: Comparison_to_Hemolok | B28: Very Inferior | C28: Perceived much worse than reference

Sheet Analysis
A1: PMCF Demo Analysis Dashboard
A2: Synthetic example data loaded from Raw_Data (20 fictional responses)
A4: Key Metrics | D4: Performance Distribution
A5: Total Responses | B5: =COUNTA(Raw_Data!A3:A1001) -> 20 | D5: Score | E5: Meaning | F5: Count
A6: SAE Rate | B6: =IFERROR(COUNTIF(Raw_Data!W3:W1001,1)/COUNTA(Raw_Data!A3:A1001),0) -> 0.1 | D6: 5 | E6: Excellent | F6: =COUNTIF(Raw_Data!AL3:AL1001,D6) -> 6
A7: Hemorrhage Rate | B7: =IFERROR(COUNTIF(Raw_Data!Y3:Y1001,1)/COUNTA(Raw_Data!A3:A1001),0) -> 0.15 | D7: 4 | E7: Good | F7: =COUNTIF(Raw_Data!AL3:AL1001,D7) -> 8
A8: Infection Rate | B8: =IFERROR(COUNTIF(Raw_Data!AB3:AB1001,1)/COUNTA(Raw_Data!A3:A1001),0) -> 0.15 | D8: 3 | E8: Satisfactory | F8: =COUNTIF(Raw_Data!AL3:AL1001,D8) -> 5
A9: Migration Rate | B9: =IFERROR(COUNTIF(Raw_Data!AD3:AD1001,1)/COUNTA(Raw_Data!A3:A1001),0) -> 0.1 | D9: 2 | E9: Poor | F9: =COUNTIF(Raw_Data!AL3:AL1001,D9) -> 1
A10: Misfiring Rate | B10: =IFERROR(COUNTIF(Raw_Data!AI3:AI1001,1)/COUNTA(Raw_Data!A3:A1001),0) -> 0.15 | D10: 1 | E10: Unsure | F10: =COUNTIF(Raw_Data!AL3:AL1001,D10) -> 0
A11: Slippage Rate | B11: =IFERROR(COUNTIF(Raw_Data!AJ3:AJ1001,1)/COUNTA(Raw_Data!A3:A1001),0) -> 0.2
A12: First-pass Complete Ligation | B12: =IFERROR(COUNTIF(Raw_Data!AG3:AG1001,"Yes – complete ligation")/COUNTA(Raw_Data!A3:A1001),0) -> 0.8
A15: Follow-up Distribution | D15: Procedure Distribution
A16: Period | B16: Count | D16: Procedure | E16: Count
A17: <6m | B17: =SUMPRODUCT(--(Raw_Data!K3:K1001=A17)) -> 6 | D17: Cholecystectomy | E17: =COUNTIF(Raw_Data!L3:L1001,D17) -> 9
A18: 6-12m | B18: =SUMPRODUCT(--(Raw_Data!K3:K1001=A18)) -> 6 | D18: Prostatectomy | E18: =COUNTIF(Raw_Data!L3:L1001,D18) -> 5
A19: 1-3y | B19: =SUMPRODUCT(--(Raw_Data!K3:K1001=A19)) -> 3 | D19: Appendectomy | E19: =COUNTIF(Raw_Data!L3:L1001,D19) -> 4
A20: >3y | B20: =SUMPRODUCT(--(Raw_Data!K3:K1001=A20)) -> 5 | D20: Hysterectomy | E20: =COUNTIF(Raw_Data!L3:L1001,D20) -> 2
D21: Gastrectomy | E21: =COUNTIF(Raw_Data!L3:L1001,D21) -> 0
D22: Other | E22: =COUNTIF(Raw_Data!L3:L1001,D22) -> 0
A23: Intended Purpose Score Distribution
A24: Score | B24: Count
A25: 5 | B25: =COUNTIF(Raw_Data!AN3:AN1001,A25) -> 6
A26: 4 | B26: =COUNTIF(Raw_Data!AN3:AN1001,A26) -> 7
A27: 3 | B27: =COUNTIF(Raw_Data!AN3:AN1001,A27) -> 6
A28: 2 | B28: =COUNTIF(Raw_Data!AN3:AN1001,A28) -> 1
A29: 1 | B29: =COUNTIF(Raw_Data!AN3:AN1001,A29) -> 0
